INSERT INTO adresse (id, plz, ort)
VALUES
    ('30000000-0000-0000-0000-000000000000','76131','Karlsruhe'),
    ('30000000-0000-0000-0000-000000000001','70372','Stuttgart'),
    ('30000000-0000-0000-0000-000000000002','60388','Frankfurt');

INSERT INTO parkplatz (id, name, kapazitaet, idx)
VALUES
    ('10000000-0000-0000-0000-000000000000','Yorckparken',34,0),
    ('10000000-0000-0000-0000-000000000001','Benzparken',42,0),
    ('10000000-0000-0000-0000-000000000002','Volksparken',55,0);

INSERT INTO autohaus (id, name, homepage, adresse_id, parkplatz_id, erzeugt, aktualisiert)
VALUES
    ('00000000-0000-0000-0000-000000000000','Yorckhaus','https://www.Yorckhaus.com','30000000-0000-0000-0000-000000000000', '10000000-0000-0000-0000-000000000000', '2022-01-31 00:00:00', '2022-01-31 00:00:00'),
    ('00000000-0000-0000-0000-000000000001','Benzhaus','https://www.Benzhaus.com','30000000-0000-0000-0000-000000000001', '10000000-0000-0000-0000-000000000001', '2022-01-31 00:00:00', '2022-01-31 00:00:00'),
    ('00000000-0000-0000-0000-000000000002','Volkshaus','https://www.Benzhaus.com','30000000-0000-0000-0000-000000000002', '10000000-0000-0000-0000-000000000002', '2022-01-31 00:00:00', '2022-01-31 00:00:00');

INSERT INTO mitarbeiter (id, vorname, nachname, position, autohaus_id, idx)
VALUES
    ('20000000-0000-0000-0000-000000000000','Lukas','Scholz','MANAGER','00000000-0000-0000-0000-000000000000',0),
    ('20000000-0000-0000-0000-000000000001','Paul','Clauss','SEKRETAER','00000000-0000-0000-0000-000000000000',1),
    ('20000000-0000-0000-0000-000000000002','Heinrich','Precht','VERKAEUFER','00000000-0000-0000-0000-000000000000',2),
    ('20000000-0000-0000-0000-000000000003','Jan','Böhmermann','MANAGER','00000000-0000-0000-0000-000000000001',0),
    ('20000000-0000-0000-0000-000000000004','Paulina','Rehbein','SEKRETAER','00000000-0000-0000-0000-000000000001',1),
    ('20000000-0000-0000-0000-000000000005','Kai','Schmidt','VERKAEUFER','00000000-0000-0000-0000-000000000001',2),
    ('20000000-0000-0000-0000-000000000006','Joseph','Berolth','MANAGER','00000000-0000-0000-0000-000000000002',0),
    ('20000000-0000-0000-0000-000000000007','Mark','Rehbein','SEKRETAER','00000000-0000-0000-0000-000000000002',1),
    ('20000000-0000-0000-0000-000000000008','Melina','Weber','VERKAEUFER','00000000-0000-0000-0000-000000000002',2);
